Type (Bond ETF / Corporate / Sovereign / Treasury / T-Bill / Strip / TIPS / Floating-rate),Ticker (ETFs),ISIN (bonds),Descripción,Yield (%),"Expense ratio (%, ETFs)",Issuer,Sector,Country,Bid,Ask,YTM bid (%),YTM ask (%),Coupon (%),Duration (years),Maturity,Credit rating,Yield to call (%),Next call date,Reference rate,Floating spread (%),Breakeven inflation (%)
Bond ETF,TLT,,Long US Treasuries — duration,2.58%,0.15%,,,,,,,,,,,,,,,,
Bond ETF,EMB,,EM USD sovereigns,5.02%,0.39%,,,,,,,,,,,,,,,,
Bond ETF,HYG,,US high-yield carry,5.90%,0.49%,,,,,,,,,,,,,,,,
Corporate bond,,US00287YBV02,Corp · IG · Desarrollados,,,ABBVIE INC,Pharmaceuticals,United States,99.54,99.58,4.21,4.14,2.950,0.34,21/11/26,A,5.23,21/09/26,,,
Corporate bond,,XS1808738212,Corp · IG · Emergentes,,,ABU DHABI NATIONAL ENERGY CO,Electric,United Arab Emirates,99.76,99.95,4.92,4.89,4.875,3.37,23/04/30,AA,,,,,
Corporate bond,,USL00849AB20,Corp · HY · Desarrollados,,,ADECOAGRO SA,Agriculture,Luxembourg,95.49,95.88,8.43,8.38,7.500,4.57,29/07/32,B+,11.51,29/07/28,,,
Corporate bond,,USP0091LAD84,Corp · IG · Emergentes,,,AES ANDES SA,Electric,Chile,103.18,103.38,5.57,5.54,6.250,4.53,14/03/32,BBB,5.53,14/01/32,,,
Corporate bond,,USP0608AAB28,Corp · HY · Desarrollados,,,AES PANAMA GENERATION HOLDINGS,Electric,Panama,94.30,94.49,6.02,5.99,4.375,3.35,31/05/30,BB+,6.09,28/02/30,,,
Corporate bond,,US01609WAT99,Corp · IG · Emergentes,,,ALIBABA GROUP HOLDING LTD,Internet,Cayman Islands,98.64,98.68,4.40,4.38,3.400,1.34,06/12/27,A,4.60,06/09/27,,,
Corporate bond,,US01609WAX02,Corp · IG · Emergentes,,,ALIBABA GROUP HOLDING LTD,Internet,Cayman Islands,89.86,89.92,4.60,4.60,2.125,4.22,09/02/31,A,4.73,09/11/30,,,
Corporate bond,,US02209SBD45,Corp · IG · Desarrollados,,,ALTRIA GROUP INC,Agriculture,United States,100.17,100.22,4.72,4.71,4.800,2.14,14/02/29,BBB+,4.70,14/11/28,,,
Corporate bond,,US023135CH74,Corp · IG · Desarrollados,,,AMAZON.COM INC,Internet,United States,93.76,93.89,4.84,4.83,3.600,5.05,13/04/32,AA,4.88,13/01/32,,,
Corporate bond,,US02364WBK09,Corp · IG · Emergentes,,,AMERICA MOVIL SAB DE CV,Telecommunications,Mexico,98.13,98.31,5.05,5.03,4.700,5.05,21/07/32,BBB+,5.04,21/04/32,,,
Corporate bond,,XS0699618350,Corp · IG · Emergentes,,,AMERICA MOVIL SAB DE CV,Telecommunications,Mexico,100.11,100.17,4.34,4.22,5.000,0.28,27/10/26,BBB+,,,,,
Corporate bond,,USU02413AH27,Corp · HY · Desarrollados,,,AMERICAN AIRLINES INC,Airlines,United States,101.10,101.25,6.45,6.40,7.250,0.55,15/02/28,BB,13.92,13/08/26,,,
Corporate bond,,USG0R209AB68,Corp · HY · Desarrollados,,,AMERICAN AIRLINES/AADVANTAGE,Airlines,Multinational,99.88,99.99,5.78,5.75,5.750,1.29,20/04/29,BB,,,,,
Corporate bond,,US025816DF35,Corp · IG · Desarrollados,,,AMERICAN EXPRESS CO,Diversified Finan Serv,United States,99.33,99.40,5.19,5.18,5.043,5.63,01/05/34,A,5.15,01/05/33,,,
Corporate bond,,US037833DK32,Corp · IG · Desarrollados,,,APPLE INC,Computers,United States,98.39,98.45,4.23,4.21,3.000,1.28,13/11/27,AA+,4.49,13/08/27,,,
Corporate bond,,US037833DY36,Corp · IG · Desarrollados,,,APPLE INC,Computers,United States,88.02,88.08,4.47,4.47,1.250,3.89,20/08/30,AA+,4.67,20/05/30,,,
Corporate bond,,US037833EJ59,Corp · IG · Desarrollados,,,APPLE INC,Computers,United States,87.31,87.39,4.53,4.52,1.700,4.70,05/08/31,AA+,4.66,05/05/31,,,
Corporate bond,,US03938LBF04,Corp · IG · Desarrollados,,,ARCELORMITTAL SA,Iron/Steel,Luxembourg,109.03,109.13,5.11,5.10,6.800,4.99,29/11/32,BBB,5.05,29/08/32,,,
Corporate bond,,USP04568AC88,Corp · IG · Emergentes,,,ARCOS DORADOS BV,Retail,Netherlands,103.10,103.42,5.68,5.65,6.375,4.39,29/01/32,BBB,5.63,29/11/31,,,
Corporate bond,,USP19118AA91,Corp · HY · Emergentes,,,B3 SA - BRASIL BOLSA BALCAO,Diversified Finan Serv,Brazil,92.88,93.20,5.69,5.66,4.125,4.50,20/09/31,BB+,,,,,
Corporate bond,,US056752AJ76,Corp · IG · Emergentes,,,BAIDU INC,Internet,Cayman Islands,99.20,99.27,4.43,4.40,3.625,0.94,06/07/27,A,,,,,
Corporate bond,,US056752AU22,Corp · IG · Emergentes,,,BAIDU INC,Internet,Cayman Islands,89.83,89.92,4.62,4.61,2.375,4.66,23/08/31,A,4.72,23/05/31,,,
Corporate bond,,US058498BA38,Corp · HY · Desarrollados,,,BALL CORP,Packaging & Containers,United States,99.93,100.08,5.50,5.49,5.500,5.68,15/09/33,BB+,5.49,15/06/33,,,
Corporate bond,,US05947LBB36,Corp · HY · Emergentes,,,BANCO BRADESCO SA/CAYMAN,Banks,Cayman Islands,102.83,103.05,5.57,5.53,6.500,3.03,22/01/30,BB,,,,,
Corporate bond,,US05971BAL36,Corp · HY · Emergentes,,,BANCO BTG PACTUAL/CAYMAN,Diversified Finan Serv,Brazil,100.24,100.42,5.64,5.62,5.750,3.00,22/01/30,BB+,5.62,22/12/29,,,
Corporate bond,,USP09252AM29,Corp · HY · Emergentes,,,BANCO DE BOGOTA SA,Banks,Colombia,99.33,99.61,4.90,4.76,4.375,0.99,03/08/27,BB,4.89,03/05/27,,,
Corporate bond,,USP2000TAE57,Corp · HY · Emergentes,,,BANCO DO BRASIL SA/CAYMAN,Banks,Brazil,101.28,101.51,5.65,5.63,6.000,3.96,18/03/31,BB,,,,,
Corporate bond,,USP1265VAD49,Corp · HY · Emergentes,,,BANCO GNB SUDAMERIS SA,Banks,Colombia,100.50,100.89,6.02,5.74,7.051,0.68,03/04/27,B+,,,,,
Corporate bond,,US05971WAD56,Corp · IG · Emergentes,,,BANCO SANTANDER CHILE,Banks,Chile,91.59,91.83,4.98,4.95,3.177,4.73,26/10/31,A,5.03,28/07/31,,,
Corporate bond,,US05973P2A32,Corp · IG · Emergentes,,,BANCO SANTANDER CHILE,Banks,Chile,98.41,98.88,4.90,4.84,4.550,3.87,20/11/30,A,4.84,20/10/30,,,
Corporate bond,,USP1507SAL18,Corp · IG · Emergentes,,,BANCO SANTANDER MEXICO SA,Banks,Mexico,101.87,102.06,4.99,4.95,5.621,2.99,10/12/29,BBB+,4.94,10/11/29,,,
Corporate bond,,XS3046422542,Corp · HY · Desarrollados,,,BANCO VOTORANTIM SA,Banks,Luxembourg,101.05,101.24,5.17,5.11,5.875,1.60,08/04/28,BB,,,,,
Corporate bond,,US06051GHZ54,Corp · IG · Desarrollados,,,BANK OF AMERICA CORP,Banks,United States,91.98,92.01,4.98,4.97,2.496,3.32,13/02/31,A+,4.96,13/02/30,,,
Corporate bond,,US06051GKD06,Corp · IG · Desarrollados,,,BANK OF AMERICA CORP,Banks,United States,88.34,88.40,5.08,5.07,2.572,4.78,20/10/32,A+,5.11,20/10/31,,,
Corporate bond,,USU0926MAA72,Corp · HY · Desarrollados,,,BLACKSTONE MORTGAGE TRUST,REITs,United States,99.01,100.18,4.59,3.39,3.750,0.49,15/01/27,B+,3.04,15/10/26,,,
Corporate bond,,US852234AS26,Corp · HY · Desarrollados,,,BLOCK INC,Commercial Services,United States,101.55,101.69,6.16,6.15,6.500,2.54,15/05/32,BB+,8.19,15/05/27,,,
Corporate bond,,US110122BB30,Corp · IG · Desarrollados,,,BRISTOL-MYERS SQUIBB CO,Pharmaceuticals,United States,99.42,99.47,4.17,4.13,3.250,0.60,27/02/27,A,,,,,
Corporate bond,,USP2253TJN02,Corp · IG · Emergentes,,,CEMEX SAB DE CV,Building Materials,Mexico,100.50,100.62,5.26,5.24,5.450,1.27,19/11/29,BBB,20.51,13/08/26,,,
Corporate bond,,USP2253TJQ33,Corp · IG · Emergentes,,,CEMEX SAB DE CV,Building Materials,Mexico,99.73,99.96,5.24,5.21,5.200,3.65,17/09/30,BBB,38.50,13/08/26,,,
Corporate bond,,USP2253TJR16,Corp · IG · Emergentes,,,CEMEX SAB DE CV,Building Materials,Mexico,93.78,93.99,5.29,5.26,3.875,4.45,11/07/31,BBB,112.82,13/08/26,,,
Corporate bond,,USP2205JAT71,Corp · IG · Emergentes,,,CENCOSUD SA,Food,Chile,102.87,103.08,5.25,5.22,5.950,4.04,28/05/31,BBB,5.20,28/03/31,,,
Corporate bond,,US15135BAW19,Corp · HY · Desarrollados,,,CENTENE CORP,Healthcare-Services,United States,90.10,90.20,5.64,5.62,3.000,3.87,15/10/30,BB+,5.78,15/07/30,,,
Corporate bond,,US172967KA87,Corp · IG · Desarrollados,,,CITIGROUP INC,Banks,United States,99.79,99.85,4.60,4.57,4.450,1.15,29/09/27,BBB+,,,,,
Corporate bond,,US17308CC539,Corp · IG · Desarrollados,,,CITIGROUP INC,Banks,United States,94.09,94.16,4.95,4.94,2.976,3.07,05/11/30,A,4.91,05/11/29,,,
Corporate bond,,US17327CAT09,Corp · IG · Desarrollados,,,CITIGROUP INC,Banks,United States,98.88,98.92,4.93,4.92,4.542,2.88,19/09/30,A,4.91,19/09/29,,,
Corporate bond,,USU19328AA89,Corp · HY · Desarrollados,,,COINBASE GLOBAL INC,Diversified Finan Serv,United States,94.77,94.92,5.89,5.85,3.375,2.07,01/10/28,BB,559.30,19/07/26,,,
Corporate bond,,USU19328AB62,Corp · HY · Desarrollados,,,COINBASE GLOBAL INC,Diversified Finan Serv,United States,86.93,87.09,6.61,6.59,3.625,4.55,01/10/31,BB,83.22,01/10/26,,,
Corporate bond,,USP28768AC69,Corp · HY · Emergentes,,,COLOMBIA TELECOMUNICACIONES,Telecommunications,Colombia,95.07,95.31,6.33,6.29,4.950,3.47,17/07/30,BB,6.38,17/04/30,,,
Corporate bond,,US205887CC49,Corp · IG · Desarrollados,,,CONAGRA BRANDS INC,Food,United States,100.00,100.08,4.83,4.81,4.850,2.13,01/11/28,BBB,4.81,01/08/28,,,
Corporate bond,,US22160KAQ85,Corp · IG · Desarrollados,,,COSTCO WHOLESALE CORP,Retail,United States,86.09,86.17,4.51,4.50,1.750,5.34,20/04/32,AA,4.62,20/01/32,,,
Corporate bond,,US22788CAA36,Corp · IG · Desarrollados,,,CROWDSTRIKE HOLDINGS INC,Computers,United States,94.70,94.83,5.19,5.16,3.000,2.41,15/02/29,BBB,218.53,24/07/26,,,
Corporate bond,,US126650EJ50,Corp · IG · Desarrollados,,,CVS HEALTH CORP,Pharmaceuticals,United States,99.59,99.70,5.07,5.06,5.000,5.16,15/09/32,BBB,5.06,15/07/32,,,
Corporate bond,,US251526DB24,Corp · IG · Desarrollados,,,DEUTSCHE BANK NY,Banks,Germany,99.11,99.16,5.14,5.14,4.950,3.55,04/08/31,BBB+,5.18,04/08/30,,,
Corporate bond,,USU2541MAC48,Corp · HY · Desarrollados,,,DIRECTV FINANCING LLC,Media,United States,101.61,101.75,8.31,8.29,8.875,1.37,01/02/30,BB,45.61,13/08/26,,,
Corporate bond,,US55903VBQ59,Corp · HY · Desarrollados,,,DISCOVERY COMMUNICATIONS LLC,Media,United States,84.03,85.70,7.62,7.41,4.279,4.77,15/03/32,BB,7.54,15/12/31,,,
Corporate bond,,US278642AY97,Corp · IG · Desarrollados,,,EBAY INC,Internet,United States,89.59,89.68,5.05,5.04,2.600,4.41,10/05/31,BBB+,5.17,10/02/31,,,
Corporate bond,,US278768AA44,Corp · HY · Desarrollados,,,ECHOSTAR CORP,Media,United States,101.53,101.69,6.32,6.30,6.750,1.29,30/11/30,B,7.38,30/11/26,,,
Corporate bond,,US278768AC00,Corp · HY · Desarrollados,,,ECHOSTAR CORP,Media,United States,108.06,108.14,7.96,7.95,10.750,0.37,30/11/29,B,3.08,30/11/26,,,
Corporate bond,,US279158AN94,Corp · HY · Emergentes,,,ECOPETROL SA,Oil & Gas,Colombia,102.01,102.42,6.21,6.14,6.875,3.07,29/04/30,BB,6.10,29/01/30,,,
Corporate bond,,US279158AS81,Corp · HY · Emergentes,,,ECOPETROL SA,Oil & Gas,Colombia,109.49,109.72,7.01,6.99,8.875,4.82,13/01/33,BB,6.93,13/10/32,,,
Corporate bond,,US279158AT64,Corp · HY · Emergentes,,,ECOPETROL SA,Oil & Gas,Colombia,106.21,106.40,5.89,5.85,8.625,2.10,19/01/29,BB,5.77,19/12/28,,,
Corporate bond,,US279158AW93,Corp · HY · Emergentes,,,ECOPETROL SA,Oil & Gas,Colombia,104.34,104.50,6.78,6.76,7.750,4.23,01/02/32,BB,6.74,01/12/31,,,
Corporate bond,,US29278DAA37,Corp · IG · Emergentes,,,ENEL CHILE SA,Electric,Chile,100.08,100.24,4.78,4.74,4.875,1.57,12/06/28,BBB,4.72,12/03/28,,,
Corporate bond,,USP37115AH81,Corp · IG · Emergentes,,,ENTEL CHILE SA,Telecommunications,Chile,88.06,88.23,5.33,5.31,3.050,5.00,14/09/32,BBB,5.40,14/06/32,,,
Corporate bond,,USP3984LAA81,Corp · IG · Emergentes,,,FALABELLA SA,Retail,Chile,90.35,90.65,5.39,5.36,3.375,4.91,15/01/32,BBB,5.45,15/10/31,,,
Corporate bond,,US31428XBV73,Corp · IG · Desarrollados,,,FEDEX CORP,Transportation,United States,95.47,95.61,4.68,4.66,3.100,2.83,05/08/29,BBB,4.79,05/05/29,,,
Corporate bond,,US345370CA64,Corp · HY · Desarrollados,,,FORD MOTOR COMPANY,Auto Manufacturers,United States,107.69,107.89,5.64,5.62,7.450,4.04,16/07/31,BB+,,,,,
Corporate bond,,US345370DB39,Corp · HY · Desarrollados,,,FORD MOTOR COMPANY,Auto Manufacturers,United States,101.24,101.38,5.84,5.83,6.100,4.75,19/08/32,BB+,5.82,19/05/32,,,
Corporate bond,,US345397C353,Corp · HY · Desarrollados,,,FORD MOTOR CREDIT CO LLC,Auto Manufacturers,United States,102.60,102.67,5.23,5.20,7.350,1.14,04/11/27,BB+,5.07,04/10/27,,,
Corporate bond,,US345397E664,Corp · HY · Desarrollados,,,FORD MOTOR CREDIT CO LLC,Auto Manufacturers,United States,99.66,99.76,6.17,6.16,6.125,5.90,08/03/34,BB+,6.17,08/12/33,,,
Corporate bond,,US38141GYM04,Corp · IG · Desarrollados,,,GOLDMAN SACHS GROUP INC,Banks,United States,99.29,99.30,4.56,4.55,1.948,0.26,21/10/27,A,4.59,21/10/26,,,
Corporate bond,,US382550BG56,Corp · HY · Desarrollados,,,GOODYEAR TIRE & RUBBER CO,Auto Parts & Equipment,United States,99.79,99.90,5.10,5.02,4.875,0.64,15/03/27,B+,5.12,15/12/26,,,
Corporate bond,,US382550BR12,Corp · HY · Desarrollados,,,GOODYEAR TIRE & RUBBER CO,Auto Parts & Equipment,United States,88.44,88.70,8.07,8.04,5.250,4.25,15/07/31,B+,8.17,15/04/31,,,
Corporate bond,,USP4955JAB46,Corp · HY · Emergentes,,,GRUPO AEROMEXICO SAB,Airlines,Mexico,100.74,100.96,7.95,7.91,8.250,2.06,15/11/29,BB,17.34,15/11/26,,,
Corporate bond,,USP4955JAC29,Corp · HY · Emergentes,,,GRUPO AEROMEXICO SAB,Airlines,Mexico,100.68,100.89,8.43,8.41,8.625,2.81,15/11/31,BB,10.96,15/11/27,,,
Corporate bond,,USG42045AC15,Corp · HY · Emergentes,,,GRUPO AVAL LTD,Banks,Cayman Islands,95.33,95.56,5.81,5.78,4.375,3.16,04/02/30,BB,5.88,04/11/29,,,
Corporate bond,,USP4R21KAA49,Corp · HY · Emergentes,,,GRUPO NUTRESA SA,Food,Colombia,105.85,106.04,6.22,6.20,8.000,3.18,12/05/30,BB+,6.17,12/04/30,,,
Corporate bond,,US404121AJ49,Corp · IG · Desarrollados,,,HCA INC,Healthcare-Services,United States,101.40,101.46,4.91,4.89,5.625,1.51,01/09/28,BBB,4.68,01/03/28,,,
Corporate bond,,US432833AF84,Corp · HY · Desarrollados,,,HILTON DOMESTIC OPERATING CO,Lodging,United States,98.92,99.04,5.20,5.18,4.875,3.18,15/01/30,BB,109.28,24/07/26,,,
Corporate bond,,USU4329KAB45,Corp · HY · Desarrollados,,,HILTON GRAND VACATIONS,Lodging,United States,93.26,93.51,6.45,6.42,4.875,4.30,01/07/31,B,386.43,24/07/26,,,
Corporate bond,,US44891CEF68,Corp · IG · Desarrollados,,,HYUNDAI CAPITAL AMERICA,Auto Manufacturers,United States,97.01,97.47,5.31,5.26,4.800,5.49,10/01/33,A,5.28,10/11/32,,,
Corporate bond,,USY3815NBF79,Corp · IG · Emergentes,,,HYUNDAI CAPITAL SERVICES INC,Auto Manufacturers,South Korea,98.95,99.04,4.46,4.37,2.500,0.51,24/01/27,A,,,,,
Corporate bond,,USY3815NBH36,Corp · IG · Emergentes,,,HYUNDAI CAPITAL SERVICES INC,Auto Manufacturers,South Korea,100.64,100.72,4.84,4.82,5.125,2.32,05/02/29,A,,,,,
Corporate bond,,XS2798085416,Corp · IG · Emergentes,,,HYUNDAI CARD CO LTD,Diversified Finan Serv,South Korea,102.08,102.15,4.92,4.91,5.750,2.51,24/04/29,BBB+,,,,,
Corporate bond,,US451102BZ91,Corp · HY · Desarrollados,,,ICAHN ENTERPRISES/FIN CORP,Investment Companies,United States,99.09,99.23,6.29,6.20,5.250,0.80,15/05/27,B+,7.55,15/11/26,,,
Corporate bond,,US458140BU38,Corp · IG · Desarrollados,,,INTEL CORP,Semiconductors,United States,86.68,86.77,4.99,4.98,2.000,4.67,12/08/31,BBB,5.13,12/05/31,,,
Corporate bond,,US458140CE86,Corp · IG · Desarrollados,,,INTEL CORP,Semiconductors,United States,100.34,100.39,4.63,4.61,4.875,1.39,10/02/28,BBB,4.60,10/01/28,,,
Corporate bond,,US46556W2E95,Corp · HY · Emergentes,,,ITAU UNIBANCO HOLDING SA,Banks,Brazil,102.91,103.18,5.07,5.03,6.000,3.09,27/02/30,BB,5.00,27/01/30,,,
Corporate bond,,US47215PAE60,Corp · IG · Emergentes,,,JD.COM INC,Internet,Cayman Islands,96.34,96.44,4.50,4.49,3.375,3.25,14/01/30,A,4.57,14/10/29,,,
Corporate bond,,US46625HRY89,Corp · IG · Desarrollados,,,JPMORGAN CHASE & CO,Banks,United States,99.55,99.58,5.10,5.10,3.782,0.52,01/02/28,A+,4.58,01/02/27,,,
Corporate bond,,US46647PBE51,Corp · IG · Desarrollados,,,JPMORGAN CHASE & CO,Banks,United States,93.49,93.54,5.00,5.00,2.739,3.03,15/10/30,A+,4.91,15/10/29,,,
Corporate bond,,US46647PCC86,Corp · IG · Desarrollados,,,JPMORGAN CHASE & CO,Banks,United States,89.60,89.64,5.05,5.05,2.580,4.36,22/04/32,A+,5.05,22/04/31,,,
Corporate bond,,USY47606AH47,Corp · IG · Emergentes,,,KIA CORP,Auto Manufacturers,South Korea,98.67,98.74,4.55,4.52,3.500,1.22,25/10/27,A,,,,,
Corporate bond,,USP62138AB13,Corp · HY · Emergentes,,,LATAM AIRLINES GROUP SA,Airlines,Chile,102.90,103.18,6.94,6.89,7.875,2.01,15/04/30,BB+,10.39,15/10/26,,,
Corporate bond,,USY5257YAJ65,Corp · IG · Emergentes,,,LENOVO GROUP LTD,Computers,Hong Kong,94.19,94.25,4.93,4.92,3.421,3.90,02/11/30,BBB,5.01,02/08/30,,,
Corporate bond,,USY5257YAL12,Corp · IG · Emergentes,,,LENOVO GROUP LTD,Computers,Hong Kong,101.66,101.70,4.68,4.66,5.831,1.34,27/01/28,BBB,4.60,27/12/27,,,
Corporate bond,,USY5257YAM94,Corp · IG · Emergentes,,,LENOVO GROUP LTD,Computers,Hong Kong,107.13,107.22,5.14,5.13,6.536,4.69,27/07/32,BBB,5.08,27/04/32,,,
Corporate bond,,USY5S80VAA44,Corp · IG · Emergentes,,,LG ELECTRONICS INC,Home Furnishings,South Korea,100.74,100.81,4.58,4.54,5.625,0.74,24/04/27,BBB+,,,,,
Corporate bond,,US58013MFJ80,Corp · IG · Desarrollados,,,MCDONALD'S CORP,Retail,United States,94.36,94.43,4.57,4.56,2.625,2.92,01/09/29,BBB+,4.72,01/06/29,,,
Corporate bond,,US58733RAF91,Corp · IG · Desarrollados,,,MERCADOLIBRE INC,Internet,United States,91.41,91.65,5.26,5.23,3.125,4.11,14/01/31,BBB,5.35,14/10/30,,,
Corporate bond,,US58733RAG74,Corp · IG · Desarrollados,,,MERCADOLIBRE INC,Internet,United States,96.89,97.41,5.43,5.38,4.900,5.48,15/01/33,BBB,5.39,15/11/32,,,
Corporate bond,,US58933YBE41,Corp · IG · Desarrollados,,,MERCK & CO INC,Pharmaceuticals,United States,87.75,87.82,4.74,4.73,2.150,4.98,10/12/31,A+,4.85,10/09/31,,,
Corporate bond,,USP66208AA02,Corp · IG · Emergentes,,,MEXICO GENERADORA DE ENERGIA,Electric,Mexico,99.59,99.86,5.55,5.53,5.500,3.13,06/12/32,BBB,,,,,
Corporate bond,,US552953CF65,Corp · HY · Desarrollados,,,MGM RESORTS INTL,Lodging,United States,100.15,100.33,5.16,5.03,5.500,0.48,15/04/27,B+,4.82,15/01/27,,,
Corporate bond,,US552953CJ87,Corp · HY · Desarrollados,,,MGM RESORTS INTL,Lodging,United States,99.75,100.07,6.52,6.48,6.500,4.66,15/04/32,B+,10.64,15/04/27,,,
Corporate bond,,US552953CK50,Corp · HY · Desarrollados,,,MGM RESORTS INTL,Lodging,United States,100.84,100.98,5.80,5.78,6.125,1.97,15/09/29,B+,18.09,15/09/26,,,
Corporate bond,,US594918BY93,Corp · IG · Desarrollados,,,MICROSOFT CORP,Software,United States,99.49,99.56,4.16,4.10,3.300,0.54,06/02/27,AAA,4.76,06/11/26,,,
Corporate bond,,USL6388GHV51,Corp · HY · Desarrollados,,,MILLICOM INTL CELLULAR SA,Telecommunications,Luxembourg,100.24,100.43,6.11,6.07,6.250,0.66,25/03/29,BB,30.15,24/07/26,,,
Corporate bond,,USL6388GJA96,Corp · HY · Desarrollados,,,MILLICOM INTL CELLULAR SA,Telecommunications,Luxembourg,102.92,103.14,6.72,6.70,7.375,2.39,02/04/32,BB,7.86,02/04/27,,,
Corporate bond,,USL6401PAM51,Corp · HY · Desarrollados,,,MINERVA LUXEMBOURG SA,Food,Luxembourg,103.68,103.86,8.16,8.15,8.875,3.99,13/09/33,BB,8.77,13/09/28,,,
Corporate bond,,USP6811TAB19,Corp · HY · Emergentes,,,MINSUR SA,Mining,Peru,95.27,95.53,5.51,5.48,4.500,4.58,28/10/31,BB+,,,,,
Corporate bond,,US61747YFS90,Corp · IG · Desarrollados,,,MORGAN STANLEY,Banks,United States,100.29,100.34,4.91,4.90,5.042,2.70,19/07/30,A,4.92,19/07/29,,,
Corporate bond,,US620076BT59,Corp · IG · Desarrollados,,,MOTOROLA SOLUTIONS INC,Telecommunications,United States,89.74,89.82,4.95,4.94,2.300,4.02,15/11/30,BBB,5.09,15/08/30,,,
Corporate bond,,US626717AP72,Corp · HY · Desarrollados,,,MURPHY OIL CORP,Oil & Gas,United States,99.93,100.17,5.99,5.96,6.000,2.83,01/10/32,BB,8.24,01/10/27,,,
Corporate bond,,US626738AE88,Corp · HY · Desarrollados,,,MURPHY OIL USA INC,Retail,United States,98.33,98.48,5.30,5.27,4.750,2.85,15/09/29,BB,84.36,29/07/26,,,
Corporate bond,,US64110LAN64,Corp · IG · Desarrollados,,,NETFLIX INC,Internet,United States,100.03,100.09,4.15,4.06,4.375,0.33,15/11/26,A,,,,,
Corporate bond,,US64110LAT35,Corp · IG · Desarrollados,,,NETFLIX INC,Internet,United States,102.85,102.93,4.55,4.53,5.875,2.15,15/11/28,A,,,,,
Corporate bond,,USU74079AN15,Corp · IG · Desarrollados,,,NETFLIX INC,Internet,United States,102.17,102.28,4.65,4.63,5.375,3.02,15/11/29,A,,,,,
Corporate bond,,USL67359AB21,Corp · IG · Desarrollados,,,NEXA RESOURCES SA,Mining,Luxembourg,104.12,104.36,6.05,6.03,6.750,5.76,09/04/34,BBB,6.02,09/01/34,,,
Corporate bond,,USU6547TAD29,Corp · HY · Desarrollados,,,NISSAN MOTOR ACCEPTANCE CO,Auto Manufacturers,United States,92.79,93.15,5.95,5.86,2.450,2.04,15/09/28,BB,6.14,15/07/28,,,
Corporate bond,,USU6547TAH33,Corp · HY · Desarrollados,,,NISSAN MOTOR ACCEPTANCE CO,Auto Manufacturers,United States,97.62,97.89,6.34,6.29,5.550,2.80,13/09/29,BB,6.31,13/08/29,,,
Corporate bond,,USJ57160DY66,Corp · HY · Desarrollados,,,NISSAN MOTOR CO,Auto Manufacturers,Japan,98.23,98.49,5.81,5.69,4.345,1.11,17/09/27,BB,5.92,17/07/27,,,
Corporate bond,,USJ57160DZ32,Corp · HY · Desarrollados,,,NISSAN MOTOR CO,Auto Manufacturers,Japan,92.84,93.09,6.77,6.73,4.810,3.63,17/09/30,BB,6.85,17/06/30,,,
Corporate bond,,US682691AL46,Corp · HY · Desarrollados,,,ONEMAIN FINANCE CORP,Diversified Finan Serv,United States,99.74,99.89,6.18,6.15,6.125,3.34,15/05/30,BB,6.16,15/11/29,,,
Corporate bond,,USP7464EAS56,Corp · HY · Emergentes,,,PAMPA ENERGIA SA,Electric,Argentina,104.59,104.86,6.84,6.81,7.950,2.70,10/09/31,B,6.86,10/09/27,,,
Corporate bond,,USE7S78BAC65,Corp · HY · Emergentes,,,PAN AMERICAN ENERGY SL,Oil & Gas,Argentina,107.24,107.53,6.93,6.90,8.500,3.81,30/04/32,B+,6.84,30/01/32,,,
Corporate bond,,US124857AR43,Corp · HY · Desarrollados,,,PARAMOUNT GLOBAL,Media,United States,98.86,99.09,5.00,4.76,2.900,0.49,15/01/27,BB+,6.60,15/10/26,,,
Corporate bond,,US124857AT09,Corp · HY · Desarrollados,,,PARAMOUNT GLOBAL,Media,United States,97.24,97.41,5.16,5.10,3.375,1.50,15/02/28,BB+,5.42,15/11/27,,,
Corporate bond,,US124857AZ68,Corp · HY · Desarrollados,,,PARAMOUNT GLOBAL,Media,United States,95.32,95.53,5.95,5.91,4.200,2.65,01/06/29,BB+,6.07,01/03/29,,,
Corporate bond,,US92556HAB33,Corp · HY · Desarrollados,,,PARAMOUNT GLOBAL,Media,United States,92.02,92.16,7.03,7.01,4.950,3.93,15/01/31,BB+,7.12,15/10/30,,,
Corporate bond,,US92556HAD98,Corp · HY · Desarrollados,,,PARAMOUNT GLOBAL,Media,United States,85.30,85.48,7.32,7.29,4.200,4.96,19/05/32,BB+,7.42,19/02/32,,,
Corporate bond,,US70450YAE32,Corp · IG · Desarrollados,,,PAYPAL HOLDINGS INC,Commercial Services,United States,94.16,94.24,4.82,4.80,2.850,2.99,01/10/29,A,4.96,01/07/29,,,
Corporate bond,,US70450YAH62,Corp · IG · Desarrollados,,,PAYPAL HOLDINGS INC,Commercial Services,United States,90.91,90.99,4.89,4.88,2.300,3.62,01/06/30,A,5.05,01/03/30,,,
Corporate bond,,US71647NBK46,Corp · HY · Emergentes,,,PETROBRAS GLOBAL FINANCE BV,Oil & Gas,Netherlands,102.52,102.66,6.04,6.03,6.500,5.39,03/07/33,BB,6.01,03/04/33,,,
Corporate bond,,US71647NBM02,Corp · HY · Emergentes,,,PETROBRAS GLOBAL FINANCE BV,Oil & Gas,Netherlands,98.10,98.35,5.61,5.57,5.125,3.62,10/09/30,BB,5.58,10/08/30,,,
Corporate bond,,USP7808BAA54,Corp · HY · Emergentes,,,PETROLEOS DEL PERU SA,Oil & Gas,Peru,85.75,86.06,7.76,7.72,4.750,4.96,19/06/32,CCC+,,,,,
Corporate bond,,US71654QCK67,Corp · HY · Emergentes,,,PETROLEOS MEXICANOS,Oil & Gas,Mexico,99.86,100.13,5.35,5.26,5.350,1.46,12/02/28,BB,,,,,
Corporate bond,,US71654QDE98,Corp · HY · Emergentes,,,PETROLEOS MEXICANOS,Oil & Gas,Mexico,98.33,98.42,6.37,6.35,5.950,3.81,28/01/31,BB,6.38,28/10/30,,,
Corporate bond,,US71654QDP46,Corp · HY · Emergentes,,,PETROLEOS MEXICANOS,Oil & Gas,Mexico,116.91,117.07,6.75,6.74,10.000,4.62,07/02/33,BB,6.65,07/11/32,,,
Corporate bond,,USY68856AT38,Corp · IG · Emergentes,,,PETRONAS CAPITAL LTD,Oil & Gas,Malaysia,95.61,95.85,4.75,4.71,3.500,3.45,21/04/30,A,4.80,21/01/30,,,
Corporate bond,,USY68856BD76,Corp · IG · Emergentes,,,PETRONAS CAPITAL LTD,Oil & Gas,Malaysia,100.53,100.74,4.79,4.76,4.950,3.85,03/01/31,A,4.76,03/12/30,,,
Corporate bond,,US69331CAH16,Corp · HY · Desarrollados,,,PG&E CORP,Electric,United States,99.03,99.15,5.49,5.46,5.000,1.84,01/07/28,BB+,39.13,24/07/26,,,
Corporate bond,,USP7924AAA62,Corp · HY · Emergentes,,,PLUSPETROL SA,Oil & Gas,Argentina,104.34,104.53,7.55,7.53,8.500,3.25,30/05/32,BB,7.99,30/05/28,,,
Corporate bond,,XS2357493860,Corp · IG · Emergentes,,,QATAR ENERGY,Oil & Gas,Qatar,99.50,99.55,4.42,4.24,1.375,0.15,12/09/26,AA,7.32,13/08/26,,,
Corporate bond,,XS2357494322,Corp · IG · Emergentes,,,QATAR ENERGY,Oil & Gas,Qatar,88.35,88.50,4.89,4.88,2.250,4.61,12/07/31,AA,5.01,12/04/31,,,
Corporate bond,,US747525AU71,Corp · IG · Desarrollados,,,QUALCOMM INC,Semiconductors,United States,99.16,99.21,4.23,4.20,3.250,0.82,20/05/27,A,4.60,20/02/27,,,
Corporate bond,,XS1982113208,Corp · IG · Emergentes,,,SAUDI ARABIAN OIL CO,Oil & Gas,Saudi Arabia,96.38,96.51,4.90,4.87,3.500,2.56,16/04/29,A+,,,,,
Corporate bond,,XS2262853265,Corp · IG · Emergentes,,,SAUDI ARABIAN OIL CO,Oil & Gas,Saudi Arabia,88.95,89.08,5.09,5.07,2.250,4.04,24/11/30,A+,5.24,24/08/30,,,
Corporate bond,,USU82764AS70,Corp · HY · Desarrollados,,,SIRIUS XM RADIO LLC,Media,United States,93.99,94.11,5.83,5.81,4.125,3.58,01/07/30,BB,312.77,24/07/26,,,
Corporate bond,,USY4935NAS37,Corp · IG · Emergentes,,,SK TELECOM CO LTD,Telecommunications,South Korea,101.96,102.04,4.58,4.54,6.625,0.94,20/07/27,A,,,,,
Corporate bond,,US83368TCM80,Corp · IG · Desarrollados,,,SOCIETE GENERALE,Banks,France,98.41,98.64,4.95,4.92,4.450,2.52,12/04/30,BBB,4.99,12/04/29,,,
Corporate bond,,USC86068AC47,Corp · IG · Desarrollados,,,ST MARYS CEMENT INC,Building Materials,Canada,102.19,102.54,5.37,5.34,5.750,5.93,02/04/34,BBB,5.33,02/01/34,,,
Corporate bond,,US855244AW96,Corp · IG · Desarrollados,,,STARBUCKS CORP,Retail,United States,91.58,91.63,4.78,4.77,2.250,3.42,12/03/30,BBB+,4.95,12/12/29,,,
Corporate bond,,US855244BC24,Corp · IG · Desarrollados,,,STARBUCKS CORP,Retail,United States,91.05,91.14,4.84,4.83,3.000,4.97,14/02/32,BBB+,4.91,14/11/31,,,
Corporate bond,,US86964WAK80,Corp · IG · Desarrollados,,,SUZANO AUSTRIA GMBH,Forest Products & Paper,Austria,88.52,88.75,5.55,5.53,3.125,4.93,15/01/32,BBB,5.63,15/10/31,,,
Corporate bond,,US87264ADV44,Corp · IG · Desarrollados,,,T - MOBILE USA INC,Telecommunications,United States,108.19,108.34,5.33,5.32,6.700,5.84,15/12/33,BBB+,,,,,
Corporate bond,,USP90187AR99,Corp · HY · Emergentes,,,TECPETROL S.A.,Oil & Gas,Argentina,104.04,104.26,6.83,6.80,7.625,4.32,22/01/33,B+,7.04,22/01/28,,,
Corporate bond,,USP9028NBT74,Corp · HY · Emergentes,,,TELECOM ARGENTINA SA,Telecommunications,Argentina,108.57,108.78,7.40,7.37,9.500,3.19,18/07/31,,7.61,18/07/29,,,
Corporate bond,,USP9028NCA74,Corp · HY · Emergentes,,,TELECOM ARGENTINA SA,Telecommunications,Argentina,106.92,107.11,7.90,7.89,9.250,1.69,28/05/33,,7.45,28/05/28,,,
Corporate bond,,US89236TMT96,Corp · IG · Desarrollados,,,TOYOTA MOTOR CREDIT CORP,Auto Manufacturers,United States,98.87,98.94,4.84,4.83,4.600,4.54,10/10/31,A+,,,,,
Corporate bond,,USP9308RBA07,Corp · HY · Emergentes,,,TRANSPORTADORA DE GAS DEL SUR,Pipelines,Argentina,106.06,106.25,7.02,7.00,8.500,1.78,24/07/31,B,6.19,24/07/27,,,
Corporate bond,,US872898AF83,Corp · IG · Desarrollados,,,TSMC ARIZONA CORP,Semiconductors,United States,99.61,99.67,4.35,4.31,3.875,0.74,22/04/27,AA,4.37,22/03/27,,,
Corporate bond,,US872898AG66,Corp · IG · Desarrollados,,,TSMC ARIZONA CORP,Semiconductors,United States,99.11,99.20,4.45,4.43,4.125,2.56,22/04/29,AA,4.45,22/02/29,,,
Corporate bond,,USG91139AE82,Corp · IG · Emergentes,,,TSMC GLOBAL LTD,Semiconductors,Taiwan,87.79,87.87,4.59,4.58,1.375,3.98,28/09/30,AA,4.78,28/06/30,,,
Corporate bond,,US91911TAQ67,Corp · IG · Emergentes,,,VALE OVERSEAS LTD,Iron/Steel,Cayman Islands,95.30,95.49,5.04,5.01,3.750,3.63,08/07/30,BBB,5.09,08/04/30,,,
Corporate bond,,USU9226VAH07,Corp · HY · Desarrollados,,,VISTRA OPERATIONS CO LLC,Electric,United States,97.91,98.00,5.17,5.15,4.375,2.57,01/05/29,BB+,85.31,24/07/26,,,
Corporate bond,,US948596AE12,Corp · IG · Emergentes,,,WEIBO CORP,Internet,Cayman Islands,93.55,93.60,5.18,5.17,3.375,3.65,08/07/30,BBB,5.29,08/04/30,,,
Corporate bond,,US95000U2A01,Corp · IG · Desarrollados,,,WELLS FARGO & COMPANY,Banks,United States,99.06,99.11,5.05,5.03,3.584,0.82,22/05/28,A,4.66,22/05/27,,,
Corporate bond,,US95000U3J01,Corp · IG · Desarrollados,,,WELLS FARGO & COMPANY,Banks,United States,100.77,100.83,4.93,4.92,5.198,2.28,23/01/30,A,4.85,22/01/29,,,
Corporate bond,,US963320AW61,Corp · HY · Desarrollados,,,WHIRLPOOL CORP,Home Furnishings,United States,93.56,93.75,7.46,7.42,4.750,2.35,26/02/29,B+,7.69,26/11/28,,,
Corporate bond,,US963320BD71,Corp · HY · Desarrollados,,,WHIRLPOOL CORP,Home Furnishings,United States,91.72,91.97,8.62,8.58,6.125,3.36,15/06/30,B+,8.73,15/03/30,,,
Corporate bond,,USY77108AA93,Corp · IG · Emergentes,,,XIAOMI BEST TIME INTERNATIONAL,Telecommunications,Hong Kong,95.03,95.10,4.81,4.80,3.375,3.47,29/04/30,BBB,4.90,29/01/30,,,
Corporate bond,,USU6500TAB18,Corp · HY · Desarrollados,,,XPLR INFRASTRUCTURE OPERATING,Electric,United States,99.01,99.14,5.32,5.26,4.500,1.10,15/09/27,BB,5.47,15/06/27,,,
Corporate bond,,USU6500TAH87,Corp · HY · Desarrollados,,,XPLR INFRASTRUCTURE OPERATING,Electric,United States,103.49,103.62,5.71,5.68,7.250,2.06,15/01/29,BB,5.52,15/10/28,,,
Corporate bond,,USP989MJBL47,Corp · HY · Emergentes,,,YPF SOCIEDAD ANONIMA,Oil & Gas,Argentina,100.82,101.13,5.94,5.79,6.950,0.94,21/07/27,B,,,,,
Corporate bond,,USP989MJBP50,Corp · HY · Emergentes,,,YPF SOCIEDAD ANONIMA,Oil & Gas,Argentina,104.56,104.83,6.72,6.67,8.500,2.38,27/06/29,B,6.52,27/03/29,,,
Sovereign bond,,US105756BZ27,Soberano · Emergentes,,,FEDERATIVE REPUBLIC OF BRAZIL,Sovereign,Brazil,100.07,100.20,4.53,4.48,4.625,1.20,13/01/28,BB,4.46,13/10/27,,,
Sovereign bond,,US105756CE88,Soberano · Emergentes,,,FEDERATIVE REPUBLIC OF BRAZIL,Sovereign,Brazil,92.05,92.21,5.52,5.50,3.750,4.53,12/09/31,BB,,,,,
Sovereign bond,,US195325DL65,Soberano · Emergentes,,,REPUBLIC OF COLOMBIA,Sovereign,Colombia,99.29,99.45,4.70,4.59,3.875,0.75,25/04/27,BB,4.94,25/01/27,,,
Sovereign bond,,US195325DZ51,Soberano · Emergentes,,,REPUBLIC OF COLOMBIA,Sovereign,Colombia,86.58,86.79,6.01,5.99,3.250,5.07,22/04/32,BB,6.10,22/01/32,,,
Sovereign bond,,USP75744AJ47,Soberano · Emergentes,,,REPUBLIC OF PARAGUAY,Sovereign,Paraguay,99.51,99.85,5.03,4.99,4.950,3.36,28/04/31,BB+,4.99,28/01/31,,,
Sovereign bond,,US715638DU38,Soberano · Emergentes,,,REPUBLIC OF PERU,Sovereign,Peru,86.09,86.34,5.25,5.22,3.000,6.53,15/01/34,BBB,5.29,15/10/33,,,
Sovereign bond,,US760942BB71,Soberano · Emergentes,,,REPUBLICA ORIENTAL DEL URUGUAY,Sovereign,Uruguay,100.04,100.32,4.23,4.11,4.375,0.75,27/10/27,BBB,,,,,
Sovereign bond,,XS2159975700,Soberano · Emergentes,,,SAUDI INTERNATIONAL BOND,Sovereign,Saudi Arabia,93.43,93.63,4.95,4.92,3.250,3.88,22/10/30,A+,,,,,
Sovereign bond,,US91087BAC46,Soberano · Emergentes,,,UNITED MEXICAN STATES,Sovereign,Mexico,99.92,100.00,4.20,4.13,4.150,0.04,28/03/27,BBB,,,,,
Sovereign bond,,US91087BAF76,Soberano · Emergentes,,,UNITED MEXICAN STATES,Sovereign,Mexico,98.90,99.09,4.89,4.85,4.500,2.55,22/04/29,BBB,,,,,
Treasury,,US912810EZ76,Treasury / TIPS,,,US TREASURY N/B,Sovereign,United States,101.34,101.94,3.76,3.25,6.625,0.56,15/02/27,,,,,,
Treasury,,US91282CCS89,Treasury / TIPS,,,US TREASURY N/B,Sovereign,United States,86.10,86.16,4.32,4.31,1.250,4.80,15/08/31,,,,,,
Treasury,,US91282CDG33,Treasury / TIPS,,,US TREASURY N/B,Sovereign,United States,99.18,99.21,3.89,3.85,1.125,0.29,31/10/26,,,,,,
Treasury,,US91282CGM73,Treasury / TIPS,,,US TREASURY N/B,Sovereign,United States,94.82,94.88,4.41,4.41,3.500,5.70,15/02/33,,,,,,
Treasury,,US91282CHX20,Treasury / TIPS,,,US TREASURY N/B,Sovereign,United States,100.33,100.36,4.20,4.20,4.375,1.98,31/08/28,,,,,,
T-Bill,,US912797UD79,Treasury / TIPS,,,TREASURY BILL,Sovereign,United States,3.75,3.72,3.87,3.85,0.000,0.66,18/03/27,,,,,,
T-Bill,,US912797UT22,Treasury / TIPS,,,TREASURY BILL,Sovereign,United States,3.63,3.62,3.68,3.68,0.000,0.07,11/08/26,,,,,,
T-Bill,,US912797VF19,Treasury / TIPS,,,TREASURY BILL,Sovereign,United States,3.80,3.77,3.94,3.92,0.000,0.89,10/06/27,,,,,,
T-Bill,,US912797VH74,Treasury / TIPS,,,TREASURY BILL,Sovereign,United States,3.76,3.73,3.86,3.84,0.000,0.42,17/12/26,,,,,,
T-Bill,,US912797VL86,Treasury / TIPS,,,TREASURY BILL,Sovereign,United States,3.66,3.63,3.73,3.71,0.000,0.24,13/10/26,,,,,,
Strip,,US9128334X55,Treasury / TIPS,,,STRIPS,Sovereign,United States,71.01,71.25,4.54,4.52,0.000,7.42,15/02/34,,,,,,
Strip,,US912833QB99,Treasury / TIPS,,,STRIPS,Sovereign,United States,94.65,94.75,4.12,4.08,0.000,1.31,15/11/27,,,,,,
Strip,,US912833XN54,Treasury / TIPS,,,STRIPS,Sovereign,United States,89.61,89.76,4.25,4.22,0.000,2.53,15/02/29,,,,,,
TIPS,,US912810PS15,Treasury / TIPS,,,US TREASURY INFLATION-INDEXED,Sovereign,United States,99.48,99.59,3.32,3.20,2.375,0.24,15/01/27,,,,,,0.44 / 0.05
TIPS,,US912810PZ57,Treasury / TIPS,,,US TREASURY INFLATION-INDEXED,Sovereign,United States,100.92,101.05,2.09,2.07,2.500,1.21,15/01/29,,,,,,2.11 / 2.13
TIPS,,US91282CGK18,Treasury / TIPS,,,US TREASURY INFLATION-INDEXED,Sovereign,United States,94.13,94.20,2.09,2.08,1.125,3.11,15/01/33,,,,,,2.32 / 2.32
TIPS,,US91282CLE92,Treasury / TIPS,,,US TREASURY INFLATION-INDEXED,Sovereign,United States,97.89,97.97,2.16,2.15,1.875,3.69,15/07/34,,,,,,2.25 / 2.25
Floating-rate,,US025816EL93,Tasa variable,,,AMERICAN EXPRESS CO,Diversified Finan Serv,United States,100.31,100.48,4.27,4.24,4.440,0.00,20/07/29,,,,,4.41%,
Floating-rate,,XS2925900081,Tasa variable,,,BANK OF CHINA/PARIS,Banks,China,100.25,100.31,3.96,3.94,4.206,0.00,29/10/27,,,,,4.18%,
Floating-rate,,US06738EDF97,Tasa variable,,,BARCLAYS PLC,Banks,United Kingdom,100.74,100.74,4.44,4.44,4.700,0.00,11/11/29,,,,,4.68%,
Floating-rate,,XS2886030811,Tasa variable,,,BOCOM LEASING MGMT,Diversified Finan Serv,Hong Kong,100.19,100.30,4.12,4.07,4.372,0.00,23/08/27,,,,,4.35%,
Floating-rate,,US14913UBC36,Tasa variable,,,CATERPILLAR FINANCIAL SERVICES,Machinery-Constr & Mining,United States,100.33,100.50,4.04,4.00,4.260,0.00,15/08/28,,,,,4.24%,
Floating-rate,,US166756BM73,Tasa variable,,,CHEVRON USA INC,Oil & Gas,United States,100.44,100.44,3.95,3.95,4.190,0.00,13/08/28,,,,,4.17%,
Floating-rate,,US251526DC07,Tasa variable,,,DEUTSCHE BANK NY,Banks,Germany,100.31,100.47,4.81,4.80,4.922,0.00,04/08/31,,,,,4.90%,
Floating-rate,,US38141GVX95,Tasa variable,,,GOLDMAN SACHS GROUP INC,Banks,United States,100.34,100.61,5.38,5.27,5.682,0.04,28/10/27,,,,,5.76%,
Floating-rate,,US404280EZ83,Tasa variable,,,HSBC HOLDINGS PLC,Banks,United Kingdom,102.03,102.26,4.68,4.65,5.190,0.00,13/05/31,,,,,5.17%,
Floating-rate,,US46647PEF99,Tasa variable,,,JPMORGAN CHASE & CO,Banks,United States,100.31,100.41,4.31,4.28,4.547,0.00,22/04/28,,,,,4.52%,
Floating-rate,,US86787XAA37,Tasa variable,,,TRUIST FINANCIAL CORP,Banks,United States,99.23,99.94,5.17,4.75,4.583,0.09,15/05/27,,,,,4.68%,
